{
    "episode_reward_max": 316.0,
    "episode_reward_min": 74.0,
    "episode_reward_mean": 184.35185185185185,
    "episode_len_mean": 100.0,
    "episodes_this_iter": 108,
    "policy_reward_min": {
        "always_defecting": 111.0,
        "vae": -58.0,
        "always_cooperating": 8.0
    },
    "policy_reward_max": {
        "always_defecting": 174.0,
        "vae": 264.0,
        "always_cooperating": 74.0
    },
    "policy_reward_mean": {
        "always_defecting": 143.55,
        "vae": 85.60185185185185,
        "always_cooperating": 42.75
    },
    "custom_metrics": {},
    "hist_stats": {
        "episode_reward": [
            114.0,
            298.0,
            302.0,
            92.0,
            308.0,
            98.0,
            304.0,
            292.0,
            300.0,
            102.0,
            306.0,
            92.0,
            296.0,
            302.0,
            110.0,
            292.0,
            100.0,
            286.0,
            116.0,
            296.0,
            90.0,
            106.0,
            80.0,
            294.0,
            108.0,
            306.0,
            92.0,
            96.0,
            86.0,
            92.0,
            110.0,
            86.0,
            290.0,
            312.0,
            290.0,
            96.0,
            112.0,
            288.0,
            290.0,
            284.0,
            96.0,
            92.0,
            294.0,
            312.0,
            80.0,
            106.0,
            84.0,
            296.0,
            102.0,
            284.0,
            86.0,
            278.0,
            100.0,
            90.0,
            108.0,
            98.0,
            104.0,
            114.0,
            102.0,
            316.0,
            304.0,
            84.0,
            298.0,
            286.0,
            308.0,
            272.0,
            308.0,
            112.0,
            106.0,
            290.0,
            94.0,
            314.0,
            298.0,
            316.0,
            88.0,
            116.0,
            80.0,
            304.0,
            286.0,
            98.0,
            82.0,
            82.0,
            92.0,
            86.0,
            96.0,
            274.0,
            74.0,
            288.0,
            286.0,
            300.0,
            288.0,
            98.0,
            292.0,
            278.0,
            88.0,
            106.0,
            102.0,
            102.0,
            98.0,
            96.0,
            294.0,
            90.0,
            84.0,
            80.0,
            88.0,
            284.0,
            284.0,
            80.0
        ],
        "episode_lengths": [
            100,
            100,
            100,
            100,
            100,
            100,
            100,
            100,
            100,
            100,
            100,
            100,
            100,
            100,
            100,
            100,
            100,
            100,
            100,
            100,
            100,
            100,
            100,
            100,
            100,
            100,
            100,
            100,
            100,
            100,
            100,
            100,
            100,
            100,
            100,
            100,
            100,
            100,
            100,
            100,
            100,
            100,
            100,
            100,
            100,
            100,
            100,
            100,
            100,
            100,
            100,
            100,
            100,
            100,
            100,
            100,
            100,
            100,
            100,
            100,
            100,
            100,
            100,
            100,
            100,
            100,
            100,
            100,
            100,
            100,
            100,
            100,
            100,
            100,
            100,
            100,
            100,
            100,
            100,
            100,
            100,
            100,
            100,
            100,
            100,
            100,
            100,
            100,
            100,
            100,
            100,
            100,
            100,
            100,
            100,
            100,
            100,
            100,
            100,
            100,
            100,
            100,
            100,
            100,
            100,
            100,
            100,
            100
        ],
        "policy_always_defecting_reward": [
            171.0,
            138.0,
            147.0,
            153.0,
            138.0,
            165.0,
            150.0,
            174.0,
            135.0,
            159.0,
            120.0,
            162.0,
            138.0,
            144.0,
            129.0,
            138.0,
            165.0,
            129.0,
            144.0,
            168.0,
            144.0,
            138.0,
            120.0,
            159.0,
            126.0,
            153.0,
            129.0,
            150.0,
            135.0,
            162.0,
            147.0,
            156.0,
            171.0,
            153.0,
            126.0,
            168.0,
            159.0,
            141.0,
            132.0,
            174.0,
            120.0,
            147.0,
            123.0,
            123.0,
            138.0,
            129.0,
            144.0,
            111.0,
            147.0,
            132.0,
            159.0,
            153.0,
            153.0,
            147.0,
            144.0,
            135.0,
            126.0,
            120.0,
            132.0,
            120.0
        ],
        "policy_vae_reward": [
            -57.0,
            251.0,
            249.0,
            -46.0,
            246.0,
            -49.0,
            248.0,
            254.0,
            250.0,
            -51.0,
            247.0,
            -46.0,
            252.0,
            249.0,
            -55.0,
            254.0,
            -50.0,
            257.0,
            -58.0,
            252.0,
            -45.0,
            -53.0,
            -40.0,
            253.0,
            -54.0,
            247.0,
            -46.0,
            -48.0,
            -43.0,
            -46.0,
            -55.0,
            -43.0,
            255.0,
            244.0,
            255.0,
            -48.0,
            -56.0,
            256.0,
            255.0,
            258.0,
            -48.0,
            -46.0,
            253.0,
            244.0,
            -40.0,
            -53.0,
            -42.0,
            252.0,
            -51.0,
            258.0,
            -43.0,
            261.0,
            -50.0,
            -45.0,
            -54.0,
            -49.0,
            -52.0,
            -57.0,
            -51.0,
            242.0,
            248.0,
            -42.0,
            251.0,
            257.0,
            246.0,
            264.0,
            246.0,
            -56.0,
            -53.0,
            255.0,
            -47.0,
            243.0,
            251.0,
            242.0,
            -44.0,
            -58.0,
            -40.0,
            248.0,
            257.0,
            -49.0,
            -41.0,
            -41.0,
            -46.0,
            -43.0,
            -48.0,
            263.0,
            -37.0,
            256.0,
            257.0,
            250.0,
            256.0,
            -49.0,
            254.0,
            261.0,
            -44.0,
            -53.0,
            -51.0,
            -51.0,
            -49.0,
            -48.0,
            253.0,
            -45.0,
            -42.0,
            -40.0,
            -44.0,
            258.0,
            258.0,
            -40.0
        ],